Hospital,Consumo medio,Demanda media,HSP,Necessary Area
HCE,669839.5,3463.0,4.73,34203.645000000004
HGBelem,88258.96,421.08,4.69,4546.2375
HMAB,132419.0,430.0,5.26,6082.1775
HGUJP,51938.125,192.445,5.53,2271.3075
HMAMANAUS,123019.0,422.0,4.32,6879.1275000000005
HMACG,122619.505,394.63,5.01,5911.92
HMASP,177797.3,405.7,4.43,9693.810000000001
PMPA,26670.0,200.0,4.43,1456.2450000000001
